{
	"class_name" : "PinholeCameraParameters",
	"extrinsic" : 
	[
		0.10298997869929635,
		-0.22809034572765219,
		0.96817759655620961,
		0.0,
		-0.99463450359926076,
		-0.033166732072788557,
		0.097990673706553066,
		0.0,
		0.0097605603000429295,
		-0.97307490054437851,
		-0.23028236882830885,
		0.0,
		-0.19686445114639847,
		-0.049982673430737562,
		-1.0384806436264076,
		1.0
	],
	"intrinsic" : 
	{
		"height" : 512,
		"intrinsic_matrix" : 
		[
			443.40500673763262,
			0.0,
			0.0,
			0.0,
			443.40500673763262,
			0.0,
			511.5,
			255.5,
			1.0
		],
		"width" : 1024
	},
	"version_major" : 1,
	"version_minor" : 0
}